conversation,index,value,flag,timestamp
"[{""role"": ""user"", ""metadata"": null, ""content"": ""recherche web"", ""options"": null}, {""role"": ""assistant"", ""metadata"": null, ""content"": ""Here are some web search results:\nExample Result 1\nhttps://example.com/1\nThis is a snippet from example result 1.\n\nExample Result 2\nhttps://example.com/2\nThis is a snippet from example result 2."", ""options"": null}]",1,Like,2025-11-15 21:26:58.066313
"[{""role"": ""user"", ""metadata"": null, ""content"": ""Qui a d\u00e9velopp\u00e9 Maestro ?"", ""options"": null}, {""role"": ""assistant"", ""metadata"": null, ""content"": ""The gyat is a slang term used to describe an attractive person. Skibidi bop yes yes yes."", ""options"": null}]",1,Other,2025-11-16 00:29:33.073368
"[{""role"": ""user"", ""metadata"": null, ""content"": ""Generate me a beatiful landscape"", ""options"": null}, {""role"": ""assistant"", ""metadata"": null, ""content"": ""A beautiful sunrise over a mountain range with a clear sky."", ""options"": null}]",1,Like,2025-11-16 09:39:21.457536
"[{""role"": ""user"", ""metadata"": null, ""content"": ""Generate me a beatiful landscape"", ""options"": null}, {""role"": ""assistant"", ""metadata"": null, ""content"": ""A beautiful sunrise over a mountain range with a clear sky."", ""options"": null}]",1,,2025-11-16 09:39:22.212532
"[{""role"": ""user"", ""metadata"": null, ""content"": ""Generate me a beatiful landscape"", ""options"": null}, {""role"": ""assistant"", ""metadata"": null, ""content"": ""A beautiful sunrise over a mountain range with a clear sky."", ""options"": null}]",1,Like,2025-11-16 09:39:25.513214
"[{""role"": ""user"", ""metadata"": null, ""content"": ""Generate me a beatiful landscape"", ""options"": null}, {""role"": ""assistant"", ""metadata"": null, ""content"": ""A beautiful sunrise over a mountain range with a clear sky."", ""options"": null}]",1,,2025-11-16 09:39:32.644650
"[{""role"": ""user"", ""metadata"": null, ""content"": ""Generate me a beatiful landscape"", ""options"": null}, {""role"": ""assistant"", ""metadata"": null, ""content"": ""A beautiful sunrise over a mountain range with a clear sky."", ""options"": null}]",1,Like,2025-11-16 09:39:33.453790
"[{""role"": ""user"", ""metadata"": null, ""content"": ""Generate me a beatiful landscape"", ""options"": null}, {""role"": ""assistant"", ""metadata"": null, ""content"": ""A beautiful sunrise over a mountain range with a clear sky."", ""options"": null}]",1,,2025-11-16 09:40:33.999571
"[{""role"": ""user"", ""metadata"": null, ""content"": ""Generate me a beatiful landscape"", ""options"": null}, {""role"": ""assistant"", ""metadata"": null, ""content"": ""A beautiful sunrise over a mountain range with a clear sky."", ""options"": null}]",1,Like,2025-11-16 09:40:34.303991
"[{""role"": ""user"", ""metadata"": null, ""content"": ""Generate me a beatiful landscape"", ""options"": null}, {""role"": ""assistant"", ""metadata"": null, ""content"": ""A beautiful sunrise over a mountain range with a clear sky."", ""options"": null}]",1,,2025-11-16 09:40:34.661797
"[{""role"": ""user"", ""metadata"": null, ""content"": ""Generate me a beatiful landscape"", ""options"": null}, {""role"": ""assistant"", ""metadata"": null, ""content"": ""A beautiful sunrise over a mountain range with a clear sky."", ""options"": null}]",1,Like,2025-11-16 09:40:34.865997
"[{""role"": ""user"", ""metadata"": null, ""content"": ""Generate me a beatiful landscape"", ""options"": null}, {""role"": ""assistant"", ""metadata"": null, ""content"": ""A beautiful sunrise over a mountain range with a clear sky."", ""options"": null}]",1,,2025-11-16 09:40:35.019354
"[{""role"": ""user"", ""metadata"": null, ""content"": ""Generate me a beatiful landscape"", ""options"": null}, {""role"": ""assistant"", ""metadata"": null, ""content"": ""A beautiful sunrise over a mountain range with a clear sky."", ""options"": null}]",1,Like,2025-11-16 09:40:35.172667
"[{""role"": ""user"", ""metadata"": null, ""content"": ""Generate me a beatiful landscape"", ""options"": null}, {""role"": ""assistant"", ""metadata"": null, ""content"": ""A beautiful sunrise over a mountain range with a clear sky."", ""options"": null}]",1,,2025-11-16 09:40:35.326014
"[{""role"": ""user"", ""metadata"": null, ""content"": ""Generate me a beatiful landscape"", ""options"": null}, {""role"": ""assistant"", ""metadata"": null, ""content"": ""A beautiful sunrise over a mountain range with a clear sky."", ""options"": null}]",1,Like,2025-11-16 09:40:35.427798
"[{""role"": ""user"", ""metadata"": null, ""content"": ""Generate me a beatiful landscape"", ""options"": null}, {""role"": ""assistant"", ""metadata"": null, ""content"": ""A beautiful sunrise over a mountain range with a clear sky."", ""options"": null}]",1,,2025-11-16 09:40:35.580800
"[{""role"": ""user"", ""metadata"": null, ""content"": ""Generate me a beatiful landscape"", ""options"": null}, {""role"": ""assistant"", ""metadata"": null, ""content"": ""A beautiful sunrise over a mountain range with a clear sky."", ""options"": null}]",1,Like,2025-11-16 09:40:35.727540
"[{""role"": ""user"", ""metadata"": null, ""content"": ""Qui a d\u00e9velopp\u00e9 Maestro ?"", ""options"": null}, {""role"": ""assistant"", ""metadata"": null, ""content"": ""The gyat is a slang term used to describe an attractive person. Skibidi bop yes yes yes."", ""options"": null}]",1,Like,2025-11-16 09:43:44.311838
"[{""role"": ""user"", ""metadata"": null, ""content"": ""Qui a d\u00e9velopp\u00e9 Maestro ?"", ""options"": null}, {""role"": ""assistant"", ""metadata"": null, ""content"": ""The gyat is a slang term used to describe an attractive person. Skibidi bop yes yes yes."", ""options"": null}]",1,,2025-11-16 09:43:56.038531
"[{""role"": ""user"", ""metadata"": null, ""content"": ""Qui a d\u00e9velopp\u00e9 Maestro ?"", ""options"": null}, {""role"": ""assistant"", ""metadata"": null, ""content"": ""The gyat is a slang term used to describe an attractive person. Skibidi bop yes yes yes."", ""options"": null}]",1,Like,2025-11-16 09:43:56.393184
"[{""role"": ""user"", ""metadata"": null, ""content"": ""Qui a d\u00e9velopp\u00e9 Maestro ?"", ""options"": null}, {""role"": ""assistant"", ""metadata"": null, ""content"": ""The gyat is a slang term used to describe an attractive person. Skibidi bop yes yes yes."", ""options"": null}]",1,Like,2025-11-16 09:45:04.713472
"[{""role"": ""user"", ""metadata"": null, ""content"": ""Qui a d\u00e9velopp\u00e9 Maestro ?"", ""options"": null}, {""role"": ""assistant"", ""metadata"": null, ""content"": ""The gyat is a slang term used to describe an attractive person. Skibidi bop yes yes yes."", ""options"": null}]",1,,2025-11-16 09:45:05.377088
"[{""role"": ""user"", ""metadata"": null, ""content"": ""Qui a d\u00e9velopp\u00e9 Maestro ?"", ""options"": null}, {""role"": ""assistant"", ""metadata"": null, ""content"": ""The gyat is a slang term used to describe an attractive person. Skibidi bop yes yes yes."", ""options"": null}]",1,Like,2025-11-16 09:46:13.029267
"[{""role"": ""user"", ""metadata"": null, ""content"": ""Qui a d\u00e9velopp\u00e9 Maestro ?"", ""options"": null}, {""role"": ""assistant"", ""metadata"": null, ""content"": ""The gyat is a slang term used to describe an attractive person. Skibidi bop yes yes yes."", ""options"": null}]",1,,2025-11-16 09:46:13.824759
"[{""role"": ""user"", ""metadata"": null, ""content"": ""a"", ""options"": null}, {""role"": ""assistant"", ""metadata"": null, ""content"": ""Echo: a"", ""options"": null}]",1,Dislike,2025-11-16 09:51:55.951618
"[{""role"": ""user"", ""metadata"": null, ""content"": ""a"", ""options"": null}, {""role"": ""assistant"", ""metadata"": null, ""content"": ""Echo: a"", ""options"": null}, {""role"": ""assistant"", ""metadata"": null, ""content"": ""Sorry to hear that. We'll work on improving! \ud83d\ude4f"", ""options"": null}]",1,Like,2025-11-16 09:51:57.944087
"[{""role"": ""user"", ""metadata"": null, ""content"": ""a"", ""options"": null}, {""role"": ""assistant"", ""metadata"": null, ""content"": ""Echo: a"", ""options"": null}, {""role"": ""assistant"", ""metadata"": null, ""content"": ""Sorry to hear that. We'll work on improving! \ud83d\ude4f"", ""options"": null}, {""role"": ""assistant"", ""metadata"": null, ""content"": ""Thank you for your positive feedback! \ud83d\ude0a"", ""options"": null}]",1,Dislike,2025-11-16 09:51:59.220611
"[{""role"": ""user"", ""metadata"": null, ""content"": ""a"", ""options"": null}, {""role"": ""assistant"", ""metadata"": null, ""content"": ""Echo: a"", ""options"": null}, {""role"": ""assistant"", ""metadata"": null, ""content"": ""Sorry to hear that. We'll work on improving! \ud83d\ude4f"", ""options"": null}, {""role"": ""assistant"", ""metadata"": null, ""content"": ""Thank you for your positive feedback! \ud83d\ude0a"", ""options"": null}, {""role"": ""assistant"", ""metadata"": null, ""content"": ""Sorry to hear that. We'll work on improving! \ud83d\ude4f"", ""options"": null}]",1,Like,2025-11-16 09:52:00.273096
"[{""role"": ""user"", ""metadata"": null, ""content"": ""a"", ""options"": null}, {""role"": ""assistant"", ""metadata"": null, ""content"": ""Echo: a"", ""options"": null}, {""role"": ""assistant"", ""metadata"": null, ""content"": ""Sorry to hear that. We'll work on improving! \ud83d\ude4f"", ""options"": null}, {""role"": ""assistant"", ""metadata"": null, ""content"": ""Thank you for your positive feedback! \ud83d\ude0a"", ""options"": null}, {""role"": ""assistant"", ""metadata"": null, ""content"": ""Sorry to hear that. We'll work on improving! \ud83d\ude4f"", ""options"": null}, {""role"": ""assistant"", ""metadata"": null, ""content"": ""Thank you for your positive feedback! \ud83d\ude0a"", ""options"": null}]",1,Dislike,2025-11-16 09:52:00.930095
"[{""role"": ""user"", ""metadata"": null, ""content"": ""a"", ""options"": null}, {""role"": ""assistant"", ""metadata"": null, ""content"": ""Echo: a"", ""options"": null}, {""role"": ""assistant"", ""metadata"": null, ""content"": ""Sorry to hear that. We'll work on improving! \ud83d\ude4f"", ""options"": null}, {""role"": ""assistant"", ""metadata"": null, ""content"": ""Thank you for your positive feedback! \ud83d\ude0a"", ""options"": null}, {""role"": ""assistant"", ""metadata"": null, ""content"": ""Sorry to hear that. We'll work on improving! \ud83d\ude4f"", ""options"": null}, {""role"": ""assistant"", ""metadata"": null, ""content"": ""Thank you for your positive feedback! \ud83d\ude0a"", ""options"": null}, {""role"": ""assistant"", ""metadata"": null, ""content"": ""Sorry to hear that. We'll work on improving! \ud83d\ude4f"", ""options"": null}]",1,Like,2025-11-16 09:52:01.538798
"[{""role"": ""user"", ""metadata"": null, ""content"": ""a"", ""options"": null}, {""role"": ""assistant"", ""metadata"": null, ""content"": ""Echo: a"", ""options"": null}, {""role"": ""assistant"", ""metadata"": null, ""content"": ""Sorry to hear that. We'll work on improving! \ud83d\ude4f"", ""options"": null}, {""role"": ""assistant"", ""metadata"": null, ""content"": ""Thank you for your positive feedback! \ud83d\ude0a"", ""options"": null}, {""role"": ""assistant"", ""metadata"": null, ""content"": ""Sorry to hear that. We'll work on improving! \ud83d\ude4f"", ""options"": null}, {""role"": ""assistant"", ""metadata"": null, ""content"": ""Thank you for your positive feedback! \ud83d\ude0a"", ""options"": null}, {""role"": ""assistant"", ""metadata"": null, ""content"": ""Sorry to hear that. We'll work on improving! \ud83d\ude4f"", ""options"": null}, {""role"": ""assistant"", ""metadata"": null, ""content"": ""Thank you for your positive feedback! \ud83d\ude0a"", ""options"": null}]",1,Dislike,2025-11-16 09:52:02.631988
"[{""role"": ""user"", ""metadata"": null, ""content"": ""a"", ""options"": null}, {""role"": ""assistant"", ""metadata"": null, ""content"": ""Echo: a"", ""options"": null}, {""role"": ""assistant"", ""metadata"": null, ""content"": ""Sorry to hear that. We'll work on improving! \ud83d\ude4f"", ""options"": null}, {""role"": ""assistant"", ""metadata"": null, ""content"": ""Thank you for your positive feedback! \ud83d\ude0a"", ""options"": null}, {""role"": ""assistant"", ""metadata"": null, ""content"": ""Sorry to hear that. We'll work on improving! \ud83d\ude4f"", ""options"": null}, {""role"": ""assistant"", ""metadata"": null, ""content"": ""Thank you for your positive feedback! \ud83d\ude0a"", ""options"": null}, {""role"": ""assistant"", ""metadata"": null, ""content"": ""Sorry to hear that. We'll work on improving! \ud83d\ude4f"", ""options"": null}, {""role"": ""assistant"", ""metadata"": null, ""content"": ""Thank you for your positive feedback! \ud83d\ude0a"", ""options"": null}, {""role"": ""assistant"", ""metadata"": null, ""content"": ""Sorry to hear that. We'll work on improving! \ud83d\ude4f"", ""options"": null}]",1,Like,2025-11-16 09:52:03.240956
"[{""role"": ""user"", ""metadata"": null, ""content"": ""a"", ""options"": null}, {""role"": ""assistant"", ""metadata"": null, ""content"": ""Echo: a"", ""options"": null}, {""role"": ""assistant"", ""metadata"": null, ""content"": ""Sorry to hear that. We'll work on improving! \ud83d\ude4f"", ""options"": null}, {""role"": ""assistant"", ""metadata"": null, ""content"": ""Thank you for your positive feedback! \ud83d\ude0a"", ""options"": null}, {""role"": ""assistant"", ""metadata"": null, ""content"": ""Sorry to hear that. We'll work on improving! \ud83d\ude4f"", ""options"": null}, {""role"": ""assistant"", ""metadata"": null, ""content"": ""Thank you for your positive feedback! \ud83d\ude0a"", ""options"": null}, {""role"": ""assistant"", ""metadata"": null, ""content"": ""Sorry to hear that. We'll work on improving! \ud83d\ude4f"", ""options"": null}, {""role"": ""assistant"", ""metadata"": null, ""content"": ""Thank you for your positive feedback! \ud83d\ude0a"", ""options"": null}, {""role"": ""assistant"", ""metadata"": null, ""content"": ""Sorry to hear that. We'll work on improving! \ud83d\ude4f"", ""options"": null}, {""role"": ""assistant"", ""metadata"": null, ""content"": ""Thank you for your positive feedback! \ud83d\ude0a"", ""options"": null}]",1,Dislike,2025-11-16 09:52:06.613322
"[{""role"": ""user"", ""metadata"": null, ""content"": ""a"", ""options"": null}, {""role"": ""assistant"", ""metadata"": null, ""content"": ""Echo: a"", ""options"": null}, {""role"": ""assistant"", ""metadata"": null, ""content"": ""Sorry to hear that. We'll work on improving! \ud83d\ude4f"", ""options"": null}, {""role"": ""assistant"", ""metadata"": null, ""content"": ""Thank you for your positive feedback! \ud83d\ude0a"", ""options"": null}, {""role"": ""assistant"", ""metadata"": null, ""content"": ""Sorry to hear that. We'll work on improving! \ud83d\ude4f"", ""options"": null}, {""role"": ""assistant"", ""metadata"": null, ""content"": ""Thank you for your positive feedback! \ud83d\ude0a"", ""options"": null}, {""role"": ""assistant"", ""metadata"": null, ""content"": ""Sorry to hear that. We'll work on improving! \ud83d\ude4f"", ""options"": null}, {""role"": ""assistant"", ""metadata"": null, ""content"": ""Thank you for your positive feedback! \ud83d\ude0a"", ""options"": null}, {""role"": ""assistant"", ""metadata"": null, ""content"": ""Sorry to hear that. We'll work on improving! \ud83d\ude4f"", ""options"": null}, {""role"": ""assistant"", ""metadata"": null, ""content"": ""Thank you for your positive feedback! \ud83d\ude0a"", ""options"": null}, {""role"": ""assistant"", ""metadata"": null, ""content"": ""Sorry to hear that. We'll work on improving! \ud83d\ude4f"", ""options"": null}]",1,Like,2025-11-16 09:52:07.577089
"[{""role"": ""user"", ""metadata"": null, ""content"": ""a"", ""options"": null}, {""role"": ""assistant"", ""metadata"": null, ""content"": ""Echo: a"", ""options"": null}, {""role"": ""assistant"", ""metadata"": null, ""content"": ""Sorry to hear that. We'll work on improving! \ud83d\ude4f"", ""options"": null}, {""role"": ""assistant"", ""metadata"": null, ""content"": ""Thank you for your positive feedback! \ud83d\ude0a"", ""options"": null}, {""role"": ""assistant"", ""metadata"": null, ""content"": ""Sorry to hear that. We'll work on improving! \ud83d\ude4f"", ""options"": null}, {""role"": ""assistant"", ""metadata"": null, ""content"": ""Thank you for your positive feedback! \ud83d\ude0a"", ""options"": null}, {""role"": ""assistant"", ""metadata"": null, ""content"": ""Sorry to hear that. We'll work on improving! \ud83d\ude4f"", ""options"": null}, {""role"": ""assistant"", ""metadata"": null, ""content"": ""Thank you for your positive feedback! \ud83d\ude0a"", ""options"": null}, {""role"": ""assistant"", ""metadata"": null, ""content"": ""Sorry to hear that. We'll work on improving! \ud83d\ude4f"", ""options"": null}, {""role"": ""assistant"", ""metadata"": null, ""content"": ""Thank you for your positive feedback! \ud83d\ude0a"", ""options"": null}, {""role"": ""assistant"", ""metadata"": null, ""content"": ""Sorry to hear that. We'll work on improving! \ud83d\ude4f"", ""options"": null}, {""role"": ""assistant"", ""metadata"": null, ""content"": ""Thank you for your positive feedback! \ud83d\ude0a"", ""options"": null}]",1,,2025-11-16 09:52:08.157468
"[{""role"": ""user"", ""metadata"": null, ""content"": ""a"", ""options"": null}, {""role"": ""assistant"", ""metadata"": null, ""content"": ""Echo: a"", ""options"": null}, {""role"": ""assistant"", ""metadata"": null, ""content"": ""Sorry to hear that. We'll work on improving! \ud83d\ude4f"", ""options"": null}, {""role"": ""assistant"", ""metadata"": null, ""content"": ""Thank you for your positive feedback! \ud83d\ude0a"", ""options"": null}, {""role"": ""assistant"", ""metadata"": null, ""content"": ""Sorry to hear that. We'll work on improving! \ud83d\ude4f"", ""options"": null}, {""role"": ""assistant"", ""metadata"": null, ""content"": ""Thank you for your positive feedback! \ud83d\ude0a"", ""options"": null}, {""role"": ""assistant"", ""metadata"": null, ""content"": ""Sorry to hear that. We'll work on improving! \ud83d\ude4f"", ""options"": null}, {""role"": ""assistant"", ""metadata"": null, ""content"": ""Thank you for your positive feedback! \ud83d\ude0a"", ""options"": null}, {""role"": ""assistant"", ""metadata"": null, ""content"": ""Sorry to hear that. We'll work on improving! \ud83d\ude4f"", ""options"": null}, {""role"": ""assistant"", ""metadata"": null, ""content"": ""Thank you for your positive feedback! \ud83d\ude0a"", ""options"": null}, {""role"": ""assistant"", ""metadata"": null, ""content"": ""Sorry to hear that. We'll work on improving! \ud83d\ude4f"", ""options"": null}, {""role"": ""assistant"", ""metadata"": null, ""content"": ""Thank you for your positive feedback! \ud83d\ude0a"", ""options"": null}, {""role"": ""assistant"", ""metadata"": null, ""content"": ""Sorry to hear that. We'll work on improving! \ud83d\ude4f"", ""options"": null}]",1,Like,2025-11-16 09:52:09.170345
"[{""role"": ""user"", ""metadata"": null, ""content"": ""a"", ""options"": null}, {""role"": ""assistant"", ""metadata"": null, ""content"": ""Echo: a"", ""options"": null}]",1,Dislike,2025-11-16 09:54:07.830632
"[{""role"": ""user"", ""metadata"": null, ""content"": ""a"", ""options"": null}, {""role"": ""assistant"", ""metadata"": null, ""content"": ""Echo: a"", ""options"": null}, {""role"": ""assistant"", ""metadata"": null, ""content"": ""Sorry to hear that. We'll work on improving! \ud83d\ude4f"", ""options"": null}]",1,Like,2025-11-16 09:54:08.764913
"[{""role"": ""user"", ""metadata"": null, ""content"": ""a"", ""options"": null}, {""role"": ""assistant"", ""metadata"": null, ""content"": ""Echo: a"", ""options"": null}, {""role"": ""assistant"", ""metadata"": null, ""content"": ""Sorry to hear that. We'll work on improving! \ud83d\ude4f"", ""options"": null}, {""role"": ""assistant"", ""metadata"": null, ""content"": ""Thank you for your positive feedback! \ud83d\ude0a"", ""options"": null}]",1,Dislike,2025-11-16 09:54:09.378253
"[{""role"": ""user"", ""metadata"": null, ""content"": ""a"", ""options"": null}, {""role"": ""assistant"", ""metadata"": null, ""content"": ""Echo: a"", ""options"": null}, {""role"": ""assistant"", ""metadata"": null, ""content"": ""Sorry to hear that. We'll work on improving! \ud83d\ude4f"", ""options"": null}, {""role"": ""assistant"", ""metadata"": null, ""content"": ""Thank you for your positive feedback! \ud83d\ude0a"", ""options"": null}, {""role"": ""assistant"", ""metadata"": null, ""content"": ""Sorry to hear that. We'll work on improving! \ud83d\ude4f"", ""options"": null}]",1,Like,2025-11-16 09:54:10.451136
"[{""role"": ""user"", ""metadata"": null, ""content"": ""a"", ""options"": null}, {""role"": ""assistant"", ""metadata"": null, ""content"": ""Echo: a"", ""options"": null}]",1,Dislike,2025-11-16 09:55:02.843331
"[{""role"": ""user"", ""metadata"": null, ""content"": ""a"", ""options"": null}, {""role"": ""assistant"", ""metadata"": null, ""content"": ""Echo: a"", ""options"": null}]",1,Like,2025-11-16 09:55:04.351510
"[{""role"": ""user"", ""metadata"": null, ""content"": ""a"", ""options"": null}, {""role"": ""assistant"", ""metadata"": null, ""content"": ""Echo: a"", ""options"": null}]",1,Dislike,2025-11-16 09:55:05.865514
"[{""role"": ""user"", ""metadata"": null, ""content"": ""a"", ""options"": null}, {""role"": ""assistant"", ""metadata"": null, ""content"": ""Echo: a"", ""options"": null}]",1,Dislike,2025-11-16 09:55:21.101794
"[{""role"": ""user"", ""metadata"": null, ""content"": ""a"", ""options"": null}, {""role"": ""assistant"", ""metadata"": null, ""content"": ""Echo: a"", ""options"": null}, {""role"": ""assistant"", ""metadata"": null, ""content"": ""\ud83d\ude14 Sorry that response wasn't helpful. I'll try to do better. Feel free to ask me to clarify or try again!"", ""options"": null}]",1,Like,2025-11-16 09:55:22.324966
"[{""role"": ""user"", ""metadata"": null, ""content"": ""a"", ""options"": null}, {""role"": ""assistant"", ""metadata"": null, ""content"": ""Echo: a"", ""options"": null}, {""role"": ""assistant"", ""metadata"": null, ""content"": ""\ud83d\ude14 Sorry that response wasn't helpful. I'll try to do better. Feel free to ask me to clarify or try again!"", ""options"": null}, {""role"": ""assistant"", ""metadata"": null, ""content"": ""\ud83c\udf89 Thank you for the thumbs up! I'm glad that response was helpful."", ""options"": null}]",1,,2025-11-16 09:55:23.647632
"[{""role"": ""user"", ""metadata"": null, ""content"": ""a"", ""options"": null}, {""role"": ""assistant"", ""metadata"": null, ""content"": ""Echo: a"", ""options"": null}, {""role"": ""assistant"", ""metadata"": null, ""content"": ""\ud83d\ude14 Sorry that response wasn't helpful. I'll try to do better. Feel free to ask me to clarify or try again!"", ""options"": null}, {""role"": ""assistant"", ""metadata"": null, ""content"": ""\ud83c\udf89 Thank you for the thumbs up! I'm glad that response was helpful."", ""options"": null}, {""role"": ""assistant"", ""metadata"": null, ""content"": ""\ud83d\ude14 Sorry that response wasn't helpful. I'll try to do better. Feel free to ask me to clarify or try again!"", ""options"": null}]",1,Dislike,2025-11-16 09:55:24.308207
"[{""role"": ""user"", ""metadata"": null, ""content"": ""a"", ""options"": null}, {""role"": ""assistant"", ""metadata"": null, ""content"": ""Echo: a"", ""options"": null}]",1,Like,2025-11-16 09:55:46.026298
"[{""role"": ""user"", ""metadata"": null, ""content"": ""a"", ""options"": null}, {""role"": ""assistant"", ""metadata"": null, ""content"": ""Echo: a"", ""options"": null}, {""role"": ""assistant"", ""metadata"": null, ""content"": ""\ud83c\udf1f Awesome! Thank you for the positive feedback!"", ""options"": null}]",1,Dislike,2025-11-16 09:55:46.865367
"[{""role"": ""user"", ""metadata"": null, ""content"": ""a"", ""options"": null}, {""role"": ""assistant"", ""metadata"": null, ""content"": ""Echo: a"", ""options"": null}, {""role"": ""assistant"", ""metadata"": null, ""content"": ""\ud83c\udf1f Awesome! Thank you for the positive feedback!"", ""options"": null}, {""role"": ""assistant"", ""metadata"": null, ""content"": ""\ud83d\ude1e We apologize for the unsatisfactory response. Your feedback helps us improve!"", ""options"": null}]",1,Like,2025-11-16 09:55:47.524616
"[{""role"": ""user"", ""metadata"": null, ""content"": ""a"", ""options"": null}, {""role"": ""assistant"", ""metadata"": null, ""content"": ""Echo: a"", ""options"": null}, {""role"": ""assistant"", ""metadata"": null, ""content"": ""\ud83c\udf1f Awesome! Thank you for the positive feedback!"", ""options"": null}, {""role"": ""assistant"", ""metadata"": null, ""content"": ""\ud83d\ude1e We apologize for the unsatisfactory response. Your feedback helps us improve!"", ""options"": null}, {""role"": ""assistant"", ""metadata"": null, ""content"": ""\ud83c\udf1f Awesome! Thank you for the positive feedback!"", ""options"": null}]",1,Dislike,2025-11-16 09:55:49.761145
"[{""role"": ""user"", ""metadata"": null, ""content"": ""a"", ""options"": null}, {""role"": ""assistant"", ""metadata"": null, ""content"": ""Echo: a"", ""options"": null}, {""role"": ""assistant"", ""metadata"": null, ""content"": ""\ud83c\udf1f Awesome! Thank you for the positive feedback!"", ""options"": null}, {""role"": ""assistant"", ""metadata"": null, ""content"": ""\ud83d\ude1e We apologize for the unsatisfactory response. Your feedback helps us improve!"", ""options"": null}, {""role"": ""assistant"", ""metadata"": null, ""content"": ""\ud83c\udf1f Awesome! Thank you for the positive feedback!"", ""options"": null}, {""role"": ""assistant"", ""metadata"": null, ""content"": ""\ud83d\ude1e We apologize for the unsatisfactory response. Your feedback helps us improve!"", ""options"": null}]",1,Like,2025-11-16 09:55:50.489636
"[{""role"": ""user"", ""metadata"": null, ""content"": ""a"", ""options"": null}, {""role"": ""assistant"", ""metadata"": null, ""content"": ""Echo: a"", ""options"": null}]",1,Dislike,2025-11-16 09:56:50.927713
"[{""role"": ""user"", ""metadata"": null, ""content"": ""a"", ""options"": null}, {""role"": ""assistant"", ""metadata"": null, ""content"": ""Echo: a"", ""options"": null}]",1,Like,2025-11-16 09:56:51.998827
"[{""role"": ""user"", ""metadata"": null, ""content"": ""a"", ""options"": null}, {""role"": ""assistant"", ""metadata"": null, ""content"": ""Echo: a"", ""options"": null}]",1,Dislike,2025-11-16 09:56:53.272855
"[{""role"": ""user"", ""metadata"": null, ""content"": ""a"", ""options"": null}, {""role"": ""assistant"", ""metadata"": null, ""content"": ""Echo: a"", ""options"": null}]",1,Like,2025-11-16 09:56:53.791262
"[{""role"": ""user"", ""metadata"": null, ""content"": ""a"", ""options"": null}, {""role"": ""assistant"", ""metadata"": null, ""content"": ""Echo: a"", ""options"": null}]",1,Dislike,2025-11-16 09:57:13.029168
"[{""role"": ""user"", ""metadata"": null, ""content"": ""a"", ""options"": null}, {""role"": ""assistant"", ""metadata"": null, ""content"": ""Echo: a"", ""options"": null}]",1,Like,2025-11-16 09:57:16.708115
"[{""role"": ""user"", ""metadata"": null, ""content"": ""a"", ""options"": null}, {""role"": ""assistant"", ""metadata"": null, ""content"": ""Echo: a"", ""options"": null}]",1,Dislike,2025-11-16 09:57:17.472257
"[{""role"": ""user"", ""metadata"": null, ""content"": ""a"", ""options"": null}, {""role"": ""assistant"", ""metadata"": null, ""content"": ""Echo: a"", ""options"": null}]",1,,2025-11-16 09:57:18.485312
"[{""role"": ""user"", ""metadata"": null, ""content"": ""a"", ""options"": null}, {""role"": ""assistant"", ""metadata"": null, ""content"": ""Echo: a"", ""options"": null}]",1,Like,2025-11-16 09:57:19.110821
"[{""role"": ""user"", ""metadata"": null, ""content"": ""a"", ""options"": null}, {""role"": ""assistant"", ""metadata"": null, ""content"": ""Echo: a"", ""options"": null}]",1,Dislike,2025-11-16 09:58:08.178059
"[{""role"": ""user"", ""metadata"": null, ""content"": ""a"", ""options"": null}, {""role"": ""assistant"", ""metadata"": null, ""content"": ""Echo: a"", ""options"": null}]",1,Like,2025-11-16 09:58:09.348340
"[{""role"": ""user"", ""metadata"": null, ""content"": ""a"", ""options"": null}, {""role"": ""assistant"", ""metadata"": null, ""content"": ""Here's my response to: a"", ""options"": null}]",1,Dislike,2025-11-16 10:00:50.325110
"[{""role"": ""user"", ""metadata"": null, ""content"": ""a"", ""options"": null}, {""role"": ""assistant"", ""metadata"": null, ""content"": ""Here's my response to: a"", ""options"": null}, {""role"": ""assistant"", ""metadata"": null, ""content"": ""Sorry that wasn't helpful. I'll try to improve! \ud83d\ude4f"", ""options"": null}]",1,Like,2025-11-16 10:00:51.788433
"[{""role"": ""user"", ""metadata"": null, ""content"": ""a"", ""options"": null}, {""role"": ""assistant"", ""metadata"": null, ""content"": ""Here's my response to: a"", ""options"": null}, {""role"": ""assistant"", ""metadata"": null, ""content"": ""Thank you for your positive feedback! \ud83d\ude0a"", ""options"": null}, {""role"": ""assistant"", ""metadata"": null, ""content"": ""Sorry that wasn't helpful. I'll try to improve! \ud83d\ude4f"", ""options"": null}]",1,Dislike,2025-11-16 10:00:52.546961
"[{""role"": ""user"", ""metadata"": null, ""content"": ""a"", ""options"": null}, {""role"": ""assistant"", ""metadata"": null, ""content"": ""Here's my response to: a"", ""options"": null}, {""role"": ""assistant"", ""metadata"": null, ""content"": ""Sorry that wasn't helpful. I'll try to improve! \ud83d\ude4f"", ""options"": null}, {""role"": ""assistant"", ""metadata"": null, ""content"": ""Thank you for your positive feedback! \ud83d\ude0a"", ""options"": null}, {""role"": ""assistant"", ""metadata"": null, ""content"": ""Sorry that wasn't helpful. I'll try to improve! \ud83d\ude4f"", ""options"": null}]",1,Like,2025-11-16 10:00:53.790665
"[{""role"": ""user"", ""metadata"": null, ""content"": ""a"", ""options"": null}, {""role"": ""assistant"", ""metadata"": null, ""content"": ""Here's my response to: a"", ""options"": null}, {""role"": ""assistant"", ""metadata"": null, ""content"": ""Thank you for your positive feedback! \ud83d\ude0a"", ""options"": null}, {""role"": ""assistant"", ""metadata"": null, ""content"": ""Sorry that wasn't helpful. I'll try to improve! \ud83d\ude4f"", ""options"": null}, {""role"": ""assistant"", ""metadata"": null, ""content"": ""Thank you for your positive feedback! \ud83d\ude0a"", ""options"": null}, {""role"": ""assistant"", ""metadata"": null, ""content"": ""Sorry that wasn't helpful. I'll try to improve! \ud83d\ude4f"", ""options"": null}]",1,Dislike,2025-11-16 10:00:54.632665
"[{""role"": ""user"", ""metadata"": null, ""content"": ""a"", ""options"": null}, {""role"": ""assistant"", ""metadata"": null, ""content"": ""Here's my response to: a"", ""options"": null}, {""role"": ""assistant"", ""metadata"": null, ""content"": ""Sorry that wasn't helpful. I'll try to improve! \ud83d\ude4f"", ""options"": null}, {""role"": ""assistant"", ""metadata"": null, ""content"": ""Thank you for your positive feedback! \ud83d\ude0a"", ""options"": null}, {""role"": ""assistant"", ""metadata"": null, ""content"": ""Sorry that wasn't helpful. I'll try to improve! \ud83d\ude4f"", ""options"": null}, {""role"": ""assistant"", ""metadata"": null, ""content"": ""Thank you for your positive feedback! \ud83d\ude0a"", ""options"": null}, {""role"": ""assistant"", ""metadata"": null, ""content"": ""Sorry that wasn't helpful. I'll try to improve! \ud83d\ude4f"", ""options"": null}]",1,Like,2025-11-16 10:00:55.997678
"[{""role"": ""user"", ""metadata"": null, ""content"": ""a"", ""options"": null}, {""role"": ""assistant"", ""metadata"": null, ""content"": ""Here's my response to: a"", ""options"": null}, {""role"": ""assistant"", ""metadata"": null, ""content"": ""Thank you for your positive feedback! \ud83d\ude0a"", ""options"": null}, {""role"": ""assistant"", ""metadata"": null, ""content"": ""Sorry that wasn't helpful. I'll try to improve! \ud83d\ude4f"", ""options"": null}, {""role"": ""assistant"", ""metadata"": null, ""content"": ""Thank you for your positive feedback! \ud83d\ude0a"", ""options"": null}, {""role"": ""assistant"", ""metadata"": null, ""content"": ""Sorry that wasn't helpful. I'll try to improve! \ud83d\ude4f"", ""options"": null}, {""role"": ""assistant"", ""metadata"": null, ""content"": ""Thank you for your positive feedback! \ud83d\ude0a"", ""options"": null}, {""role"": ""assistant"", ""metadata"": null, ""content"": ""Sorry that wasn't helpful. I'll try to improve! \ud83d\ude4f"", ""options"": null}]",1,,2025-11-16 10:00:56.858519
"[{""role"": ""user"", ""metadata"": null, ""content"": ""a"", ""options"": null}, {""role"": ""assistant"", ""metadata"": null, ""content"": ""Here's my response to: a"", ""options"": null}]",1,Dislike,2025-11-16 10:02:34.963809
"[{""role"": ""user"", ""metadata"": null, ""content"": ""a"", ""options"": null}, {""role"": ""assistant"", ""metadata"": null, ""content"": ""Here's my response to: a"", ""options"": null}]",1,Like,2025-11-16 10:03:53.026164
"[{""role"": ""user"", ""metadata"": null, ""content"": ""a"", ""options"": null}, {""role"": ""assistant"", ""metadata"": null, ""content"": ""Here's my response to: a"", ""options"": null}, {""role"": ""assistant"", ""metadata"": null, ""content"": ""Thank you for your positive feedback! \ud83d\ude0a"", ""options"": null}]",1,Dislike,2025-11-16 10:03:54.535472
"[{""role"": ""user"", ""metadata"": null, ""content"": ""a"", ""options"": null}, {""role"": ""assistant"", ""metadata"": null, ""content"": ""Here's my response to: a"", ""options"": null}, {""role"": ""assistant"", ""metadata"": null, ""content"": ""Sorry that wasn't helpful. I'll try to improve! \ud83d\ude4f"", ""options"": null}, {""role"": ""assistant"", ""metadata"": null, ""content"": ""Thank you for your positive feedback! \ud83d\ude0a"", ""options"": null}]",1,,2025-11-16 10:03:57.262937
"[{""role"": ""user"", ""metadata"": null, ""content"": ""a"", ""options"": null}, {""role"": ""assistant"", ""metadata"": null, ""content"": ""Here's my response to: a"", ""options"": null}]",1,Dislike,2025-11-16 10:04:31.332689
"[{""role"": ""user"", ""metadata"": null, ""content"": ""a"", ""options"": null}, {""role"": ""assistant"", ""metadata"": null, ""content"": ""Here's my response to: a"", ""options"": null}, {""role"": ""assistant"", ""metadata"": null, ""content"": ""Sorry that wasn't helpful. I'll try to improve! \ud83d\ude4f"", ""options"": null}]",1,Like,2025-11-16 10:04:32.047289
"[{""role"": ""user"", ""metadata"": null, ""content"": ""a"", ""options"": null}, {""role"": ""assistant"", ""metadata"": null, ""content"": ""Here's my response to: a"", ""options"": null}, {""role"": ""assistant"", ""metadata"": null, ""content"": ""Sorry that wasn't helpful. I'll try to improve! \ud83d\ude4f"", ""options"": null}, {""role"": ""assistant"", ""metadata"": null, ""content"": ""Thank you for your positive feedback! \ud83d\ude0a"", ""options"": null}]",1,,2025-11-16 10:04:32.952369
"[{""role"": ""user"", ""metadata"": null, ""content"": ""a"", ""options"": null}, {""role"": ""assistant"", ""metadata"": null, ""content"": ""Here's my response to: a"", ""options"": null}, {""role"": ""assistant"", ""metadata"": null, ""content"": ""Sorry that wasn't helpful. I'll try to improve! \ud83d\ude4f"", ""options"": null}, {""role"": ""assistant"", ""metadata"": null, ""content"": ""Thank you for your positive feedback! \ud83d\ude0a"", ""options"": null}, {""role"": ""assistant"", ""metadata"": null, ""content"": ""Sorry that wasn't helpful. I'll try to improve! \ud83d\ude4f"", ""options"": null}]",1,Like,2025-11-16 10:04:33.617768
"[{""role"": ""user"", ""metadata"": null, ""content"": ""a"", ""options"": null}, {""role"": ""assistant"", ""metadata"": null, ""content"": ""Here's my response to: a"", ""options"": null}, {""role"": ""assistant"", ""metadata"": null, ""content"": ""Sorry that wasn't helpful. I'll try to improve! \ud83d\ude4f"", ""options"": null}, {""role"": ""assistant"", ""metadata"": null, ""content"": ""Thank you for your positive feedback! \ud83d\ude0a"", ""options"": null}, {""role"": ""assistant"", ""metadata"": null, ""content"": ""Sorry that wasn't helpful. I'll try to improve! \ud83d\ude4f"", ""options"": null}, {""role"": ""assistant"", ""metadata"": null, ""content"": ""Thank you for your positive feedback! \ud83d\ude0a"", ""options"": null}]",1,,2025-11-16 10:04:34.074441
"[{""role"": ""user"", ""metadata"": null, ""content"": ""a"", ""options"": null}, {""role"": ""assistant"", ""metadata"": null, ""content"": ""Here's my response to: a"", ""options"": null}, {""role"": ""assistant"", ""metadata"": null, ""content"": ""Sorry that wasn't helpful. I'll try to improve! \ud83d\ude4f"", ""options"": null}, {""role"": ""assistant"", ""metadata"": null, ""content"": ""Thank you for your positive feedback! \ud83d\ude0a"", ""options"": null}, {""role"": ""assistant"", ""metadata"": null, ""content"": ""Sorry that wasn't helpful. I'll try to improve! \ud83d\ude4f"", ""options"": null}, {""role"": ""assistant"", ""metadata"": null, ""content"": ""Thank you for your positive feedback! \ud83d\ude0a"", ""options"": null}, {""role"": ""assistant"", ""metadata"": null, ""content"": ""Sorry that wasn't helpful. I'll try to improve! \ud83d\ude4f"", ""options"": null}]",1,Dislike,2025-11-16 10:04:38.450671
"[{""role"": ""user"", ""metadata"": null, ""content"": ""a"", ""options"": null}, {""role"": ""assistant"", ""metadata"": null, ""content"": ""Here's my response to: a"", ""options"": null}, {""role"": ""assistant"", ""metadata"": null, ""content"": ""Sorry that wasn't helpful. I'll try to improve! \ud83d\ude4f"", ""options"": null}, {""role"": ""assistant"", ""metadata"": null, ""content"": ""Thank you for your positive feedback! \ud83d\ude0a"", ""options"": null}, {""role"": ""assistant"", ""metadata"": null, ""content"": ""Sorry that wasn't helpful. I'll try to improve! \ud83d\ude4f"", ""options"": null}, {""role"": ""assistant"", ""metadata"": null, ""content"": ""Thank you for your positive feedback! \ud83d\ude0a"", ""options"": null}, {""role"": ""assistant"", ""metadata"": null, ""content"": ""Sorry that wasn't helpful. I'll try to improve! \ud83d\ude4f"", ""options"": null}, {""role"": ""assistant"", ""metadata"": null, ""content"": ""Sorry that wasn't helpful. I'll try to improve! \ud83d\ude4f"", ""options"": null}]",1,,2025-11-16 10:04:39.071357
"[{""role"": ""user"", ""metadata"": null, ""content"": ""a"", ""options"": null}, {""role"": ""assistant"", ""metadata"": null, ""content"": ""Here's my response to: a"", ""options"": null}, {""role"": ""assistant"", ""metadata"": null, ""content"": ""Sorry that wasn't helpful. I'll try to improve! \ud83d\ude4f"", ""options"": null}, {""role"": ""assistant"", ""metadata"": null, ""content"": ""Thank you for your positive feedback! \ud83d\ude0a"", ""options"": null}, {""role"": ""assistant"", ""metadata"": null, ""content"": ""Sorry that wasn't helpful. I'll try to improve! \ud83d\ude4f"", ""options"": null}, {""role"": ""assistant"", ""metadata"": null, ""content"": ""Thank you for your positive feedback! \ud83d\ude0a"", ""options"": null}, {""role"": ""assistant"", ""metadata"": null, ""content"": ""Sorry that wasn't helpful. I'll try to improve! \ud83d\ude4f"", ""options"": null}, {""role"": ""assistant"", ""metadata"": null, ""content"": ""Sorry that wasn't helpful. I'll try to improve! \ud83d\ude4f"", ""options"": null}, {""role"": ""assistant"", ""metadata"": null, ""content"": ""Sorry that wasn't helpful. I'll try to improve! \ud83d\ude4f"", ""options"": null}]",1,Like,2025-11-16 10:04:39.736018
"[{""role"": ""user"", ""metadata"": null, ""content"": ""a"", ""options"": null}, {""role"": ""assistant"", ""metadata"": null, ""content"": ""Here's my response to: a"", ""options"": null}, {""role"": ""assistant"", ""metadata"": null, ""content"": ""Sorry that wasn't helpful. I'll try to improve! \ud83d\ude4f"", ""options"": null}, {""role"": ""assistant"", ""metadata"": null, ""content"": ""Thank you for your positive feedback! \ud83d\ude0a"", ""options"": null}, {""role"": ""assistant"", ""metadata"": null, ""content"": ""Sorry that wasn't helpful. I'll try to improve! \ud83d\ude4f"", ""options"": null}, {""role"": ""assistant"", ""metadata"": null, ""content"": ""Thank you for your positive feedback! \ud83d\ude0a"", ""options"": null}, {""role"": ""assistant"", ""metadata"": null, ""content"": ""Sorry that wasn't helpful. I'll try to improve! \ud83d\ude4f"", ""options"": null}, {""role"": ""assistant"", ""metadata"": null, ""content"": ""Sorry that wasn't helpful. I'll try to improve! \ud83d\ude4f"", ""options"": null}, {""role"": ""assistant"", ""metadata"": null, ""content"": ""Sorry that wasn't helpful. I'll try to improve! \ud83d\ude4f"", ""options"": null}, {""role"": ""assistant"", ""metadata"": null, ""content"": ""Thank you for your positive feedback! \ud83d\ude0a"", ""options"": null}]",1,,2025-11-16 10:04:40.400618
"[{""role"": ""user"", ""metadata"": null, ""content"": ""a"", ""options"": null}, {""role"": ""assistant"", ""metadata"": null, ""content"": ""Here's my response to: a"", ""options"": null}]",1,Like,2025-11-16 10:05:38.055298
"[{""role"": ""user"", ""metadata"": null, ""content"": ""a"", ""options"": null}, {""role"": ""assistant"", ""metadata"": null, ""content"": ""Here's my response to: a"", ""options"": null}, {""role"": ""assistant"", ""metadata"": null, ""content"": ""Thank you for your positive feedback! \ud83d\ude0a"", ""options"": null}]",1,,2025-11-16 10:05:38.613974
"[{""role"": ""user"", ""metadata"": null, ""content"": ""a"", ""options"": null}, {""role"": ""assistant"", ""metadata"": null, ""content"": ""Here's my response to: a"", ""options"": null}, {""role"": ""assistant"", ""metadata"": null, ""content"": ""Sorry that wasn't helpful. I'll try to improve! \ud83d\ude4f"", ""options"": null}]",1,Dislike,2025-11-16 10:05:39.224955
"[{""role"": ""user"", ""metadata"": null, ""content"": ""a"", ""options"": null}, {""role"": ""assistant"", ""metadata"": null, ""content"": ""Here's my response to: a"", ""options"": null}, {""role"": ""assistant"", ""metadata"": null, ""content"": ""Sorry that wasn't helpful. I'll try to improve! \ud83d\ude4f"", ""options"": null}]",1,Like,2025-11-16 10:05:39.901444
"[{""role"": ""user"", ""metadata"": null, ""content"": ""a"", ""options"": null}, {""role"": ""assistant"", ""metadata"": null, ""content"": ""Here's my response to: a"", ""options"": null}, {""role"": ""assistant"", ""metadata"": null, ""content"": ""Thank you for your positive feedback! \ud83d\ude0a"", ""options"": null}]",1,Dislike,2025-11-16 10:05:40.304765
"[{""role"": ""user"", ""metadata"": null, ""content"": ""a"", ""options"": null}, {""role"": ""assistant"", ""metadata"": null, ""content"": ""Here's my response to: a"", ""options"": null}, {""role"": ""user"", ""metadata"": null, ""content"": ""b"", ""options"": null}, {""role"": ""assistant"", ""metadata"": null, ""content"": ""Here's my response to: b"", ""options"": null}]",3,Like,2025-11-16 10:05:45.106637
"[{""role"": ""user"", ""metadata"": null, ""content"": ""a"", ""options"": null}, {""role"": ""assistant"", ""metadata"": null, ""content"": ""Here's my response to: a"", ""options"": null}, {""role"": ""user"", ""metadata"": null, ""content"": ""b"", ""options"": null}, {""role"": ""assistant"", ""metadata"": null, ""content"": ""Here's my response to: b"", ""options"": null}, {""role"": ""assistant"", ""metadata"": null, ""content"": ""Thank you for your positive feedback! \ud83d\ude0a"", ""options"": null}]",3,Dislike,2025-11-16 10:05:46.562818
"[{""role"": ""user"", ""metadata"": null, ""content"": ""a"", ""options"": null}, {""role"": ""assistant"", ""metadata"": null, ""content"": ""Here's my response to: a"", ""options"": null}, {""role"": ""user"", ""metadata"": null, ""content"": ""b"", ""options"": null}, {""role"": ""assistant"", ""metadata"": null, ""content"": ""Here's my response to: b"", ""options"": null}, {""role"": ""assistant"", ""metadata"": null, ""content"": ""Sorry that wasn't helpful. I'll try to improve! \ud83d\ude4f"", ""options"": null}]",1,,2025-11-16 10:05:47.322802
"[{""role"": ""user"", ""metadata"": null, ""content"": ""a"", ""options"": null}, {""role"": ""assistant"", ""metadata"": null, ""content"": ""Here's my response to: a"", ""options"": null}]",1,Dislike,2025-11-16 10:09:18.843258
"[{""role"": ""user"", ""metadata"": null, ""content"": ""a"", ""options"": null}, {""role"": ""assistant"", ""metadata"": null, ""content"": ""Here's my response to: a"", ""options"": null}, {""role"": ""assistant"", ""metadata"": null, ""content"": ""Sorry that wasn't helpful. I'll try to improve! \ud83d\ude4f"", ""options"": null}]",1,Like,2025-11-16 10:09:23.669022
"[{""role"": ""user"", ""metadata"": null, ""content"": ""a"", ""options"": null}, {""role"": ""assistant"", ""metadata"": null, ""content"": ""Here's my response to: a"", ""options"": null}, {""role"": ""assistant"", ""metadata"": null, ""content"": ""Thank you for your positive feedback! \ud83d\ude0a"", ""options"": null}]",1,Dislike,2025-11-16 10:09:24.638252
"[{""role"": ""user"", ""metadata"": null, ""content"": ""a"", ""options"": null}, {""role"": ""assistant"", ""metadata"": null, ""content"": ""Here's my response to: a"", ""options"": null}, {""role"": ""assistant"", ""metadata"": null, ""content"": ""Sorry that wasn't helpful. I'll try to improve! \ud83d\ude4f"", ""options"": null}]",1,Like,2025-11-16 10:09:25.045650
"[{""role"": ""user"", ""metadata"": null, ""content"": ""a"", ""options"": null}, {""role"": ""assistant"", ""metadata"": null, ""content"": ""Here's my response to: a"", ""options"": null}, {""role"": ""assistant"", ""metadata"": null, ""content"": ""Thank you for your positive feedback! \ud83d\ude0a"", ""options"": null}]",1,Dislike,2025-11-16 10:09:25.299644
"[{""role"": ""user"", ""metadata"": null, ""content"": ""a"", ""options"": null}, {""role"": ""assistant"", ""metadata"": null, ""content"": ""Here's my response to: a"", ""options"": null}, {""role"": ""assistant"", ""metadata"": null, ""content"": ""Sorry that wasn't helpful. I'll try to improve! \ud83d\ude4f"", ""options"": null}]",1,Like,2025-11-16 10:09:25.570347
"[{""role"": ""user"", ""metadata"": null, ""content"": ""a"", ""options"": null}, {""role"": ""assistant"", ""metadata"": null, ""content"": ""Here's my response to: a"", ""options"": null}, {""role"": ""assistant"", ""metadata"": null, ""content"": ""Thank you for your positive feedback! \ud83d\ude0a"", ""options"": null}]",1,Dislike,2025-11-16 10:09:32.020803
"[{""role"": ""user"", ""metadata"": null, ""content"": ""a"", ""options"": null}, {""role"": ""assistant"", ""metadata"": null, ""content"": ""Here's my response to: a"", ""options"": null}, {""role"": ""assistant"", ""metadata"": null, ""content"": ""Sorry that wasn't helpful. I'll try to improve! \ud83d\ude4f"", ""options"": null}]",1,Like,2025-11-16 10:09:32.377973
"[{""role"": ""user"", ""metadata"": null, ""content"": ""a"", ""options"": null}, {""role"": ""assistant"", ""metadata"": null, ""content"": ""Here's my response to: a"", ""options"": null}, {""role"": ""assistant"", ""metadata"": null, ""content"": ""Thank you for your positive feedback! \ud83d\ude0a"", ""options"": null}]",1,Dislike,2025-11-16 10:09:33.964062
"[{""role"": ""user"", ""metadata"": null, ""content"": ""a"", ""options"": null}, {""role"": ""assistant"", ""metadata"": null, ""content"": ""Here's my response to: a"", ""options"": null}, {""role"": ""assistant"", ""metadata"": null, ""content"": ""Sorry that wasn't helpful. I'll try to improve! \ud83d\ude4f"", ""options"": null}]",1,,2025-11-16 10:09:38.716124
"[{""role"": ""user"", ""metadata"": null, ""content"": ""a"", ""options"": null}, {""role"": ""assistant"", ""metadata"": null, ""content"": ""Here's my response to: a"", ""options"": null}, {""role"": ""assistant"", ""metadata"": null, ""content"": ""Sorry that wasn't helpful. I'll try to improve! \ud83d\ude4f"", ""options"": null}]",1,Dislike,2025-11-16 10:09:38.968571
"[{""role"": ""user"", ""metadata"": null, ""content"": ""a"", ""options"": null}, {""role"": ""assistant"", ""metadata"": null, ""content"": ""Here's my response to: a"", ""options"": null}, {""role"": ""assistant"", ""metadata"": null, ""content"": ""Sorry that wasn't helpful. I'll try to improve! \ud83d\ude4f"", ""options"": null}]",1,,2025-11-16 10:09:39.170712
"[{""role"": ""user"", ""metadata"": null, ""content"": ""a"", ""options"": null}, {""role"": ""assistant"", ""metadata"": null, ""content"": ""Here's my response to: a"", ""options"": null}, {""role"": ""assistant"", ""metadata"": null, ""content"": ""Sorry that wasn't helpful. I'll try to improve! \ud83d\ude4f"", ""options"": null}]",1,Dislike,2025-11-16 10:09:39.322908
"[{""role"": ""user"", ""metadata"": null, ""content"": ""a"", ""options"": null}, {""role"": ""assistant"", ""metadata"": null, ""content"": ""Here's my response to: a"", ""options"": null}, {""role"": ""assistant"", ""metadata"": null, ""content"": ""Sorry that wasn't helpful. I'll try to improve! \ud83d\ude4f"", ""options"": null}]",1,,2025-11-16 10:09:39.474041
"[{""role"": ""user"", ""metadata"": null, ""content"": ""a"", ""options"": null}, {""role"": ""assistant"", ""metadata"": null, ""content"": ""Here's my response to: a"", ""options"": null}, {""role"": ""assistant"", ""metadata"": null, ""content"": ""Sorry that wasn't helpful. I'll try to improve! \ud83d\ude4f"", ""options"": null}]",1,Dislike,2025-11-16 10:09:39.626735
"[{""role"": ""user"", ""metadata"": null, ""content"": ""a"", ""options"": null}, {""role"": ""assistant"", ""metadata"": null, ""content"": ""Here's my response to: a"", ""options"": null}, {""role"": ""assistant"", ""metadata"": null, ""content"": ""Sorry that wasn't helpful. I'll try to improve! \ud83d\ude4f"", ""options"": null}]",1,,2025-11-16 10:09:39.830461
"[{""role"": ""user"", ""metadata"": null, ""content"": ""a"", ""options"": null}, {""role"": ""assistant"", ""metadata"": null, ""content"": ""Here's my response to: a"", ""options"": null}, {""role"": ""assistant"", ""metadata"": null, ""content"": ""Sorry that wasn't helpful. I'll try to improve! \ud83d\ude4f"", ""options"": null}]",1,Dislike,2025-11-16 10:09:39.932350
"[{""role"": ""user"", ""metadata"": null, ""content"": ""a"", ""options"": null}, {""role"": ""assistant"", ""metadata"": null, ""content"": ""Here's my response to: a"", ""options"": null}, {""role"": ""assistant"", ""metadata"": null, ""content"": ""Sorry that wasn't helpful. I'll try to improve! \ud83d\ude4f"", ""options"": null}]",1,,2025-11-16 10:09:40.545495
"[{""role"": ""user"", ""metadata"": null, ""content"": ""a"", ""options"": null}, {""role"": ""assistant"", ""metadata"": null, ""content"": ""Here's my response to: a"", ""options"": null}, {""role"": ""assistant"", ""metadata"": null, ""content"": ""Sorry that wasn't helpful. I'll try to improve! \ud83d\ude4f"", ""options"": null}]",1,Dislike,2025-11-16 10:09:40.887862
"[{""role"": ""user"", ""metadata"": null, ""content"": ""a"", ""options"": null}, {""role"": ""assistant"", ""metadata"": null, ""content"": ""Here's my response to: a"", ""options"": null}, {""role"": ""assistant"", ""metadata"": null, ""content"": ""Sorry that wasn't helpful. I'll try to improve! \ud83d\ude4f"", ""options"": null}]",1,,2025-11-16 10:09:41.142226
"[{""role"": ""user"", ""metadata"": null, ""content"": ""a"", ""options"": null}, {""role"": ""assistant"", ""metadata"": null, ""content"": ""Here's my response to: a"", ""options"": null}, {""role"": ""assistant"", ""metadata"": null, ""content"": ""Sorry that wasn't helpful. I'll try to improve! \ud83d\ude4f"", ""options"": null}]",1,Dislike,2025-11-16 10:09:41.396589
"[{""role"": ""user"", ""metadata"": null, ""content"": ""a"", ""options"": null}, {""role"": ""assistant"", ""metadata"": null, ""content"": ""Here's my response to: a"", ""options"": null}, {""role"": ""assistant"", ""metadata"": null, ""content"": ""Sorry that wasn't helpful. I'll try to improve! \ud83d\ude4f"", ""options"": null}]",1,,2025-11-16 10:09:41.651390
"[{""role"": ""user"", ""metadata"": null, ""content"": ""a"", ""options"": null}, {""role"": ""assistant"", ""metadata"": null, ""content"": ""Here's my response to: a"", ""options"": null}, {""role"": ""assistant"", ""metadata"": null, ""content"": ""Sorry that wasn't helpful. I'll try to improve! \ud83d\ude4f"", ""options"": null}]",1,Dislike,2025-11-16 10:09:41.855252
"[{""role"": ""user"", ""metadata"": null, ""content"": ""a"", ""options"": null}, {""role"": ""assistant"", ""metadata"": null, ""content"": ""Here's my response to: a"", ""options"": null}, {""role"": ""assistant"", ""metadata"": null, ""content"": ""Sorry that wasn't helpful. I'll try to improve! \ud83d\ude4f"", ""options"": null}]",1,,2025-11-16 10:09:42.059769
"[{""role"": ""user"", ""metadata"": null, ""content"": ""a"", ""options"": null}, {""role"": ""assistant"", ""metadata"": null, ""content"": ""Here's my response to: a"", ""options"": null}, {""role"": ""assistant"", ""metadata"": null, ""content"": ""Sorry that wasn't helpful. I'll try to improve! \ud83d\ude4f"", ""options"": null}]",1,Dislike,2025-11-16 10:09:53.968319
